Tower_ID,Signal_Strength,Network_Traffic,Latency,User_Count,Device_Type,Geographic_Category
1,-81.27299405763188,193.28159955023347,59.72407990982214,883,0,Rural
2,-52.46428467950419,546.4819379045746,56.925971823679966,313,0,Rural
3,-63.40030290942975,874.2163775176442,182.18837029899697,997,1,Urban
4,-70.06707579014817,734.9026375454656,57.41377797140616,840,2,Urban
5,-92.19906797787817,808.4955363828352,61.67044796443989,519,1,Urban
6,-92.20027398318987,662.1955330436102,154.2856698594131,206,0,Rural
7,-97.09581939159003,695.3537988726739,95.4505700656026,952,2,Urban
8,-56.691192711253244,850.7036950496661,157.57500582148444,375,2,Urban
9,-69.94424941283955,257.1713287705941,22.419569937233195,451,0,Rural
10,-64.59637111019772,494.53071400670905,102.63852679794302,626,3,Rural
11,-98.97077528520988,228.99734740140622,16.3865840348237,784,3,Urban
12,-51.50450739190028,987.7913279166805,21.90410865651736,595,2,Rural
13,-58.377867959978914,944.6187462897472,182.2231161354381,179,1,Rural
14,-89.38304446608619,49.03254325482084,36.45662051234308,210,3,Rural
15,-90.90875163964498,708.5194207905316,111.15992963229125,500,1,Rural
16,-90.82977450732831,925.9958342415092,88.10816449413424,464,3,Urban
17,-84.78788785202312,188.7695916760602,75.99523198918011,840,3,Rural
18,-73.7621784183881,572.2657782471032,180.96833568058176,124,1,Urban
19,-78.4027490678942,916.3334146121614,14.146445387343006,993,0,Urban
20,-85.4385429900979,43.60651879994085,136.12004037336192,113,3,Urban
21,-69.40735526388103,700.4460645743716,193.0449425005746,12,3,Urban
22,-93.02530696739791,304.3755172988253,116.43195485774997,126,1,Rural
23,-85.3927675732391,925.1522334227651,187.99626778628746,565,0,Rural
24,-81.68190783531541,971.347662713714,19.928997064344514,331,3,Rural
25,-77.1965007891482,944.8238242222995,89.57073062409067,901,3,Urban
26,-60.74120193034932,479.47207449088916,59.42998028278972,283,0,Urban
27,-90.01631089208202,863.4222244794203,148.85598334633866,140,3,Urban
28,-74.28827807931941,846.1039045497197,196.44644719447686,401,0,Rural
29,-70.37927155689788,325.9094685108231,58.74071186440708,902,0,Urban
30,-97.6774793640001,830.6263194091706,134.29317428007414,97,1,Rural
31,-69.62275740492808,46.63755836833769,47.638550224350624,517,2,Rural
32,-91.47379381563542,600.3071796972325,117.41274836860588,569,0,Rural
33,-96.74742035073602,237.70874891482603,98.14717247078387,924,1,Rural
34,-52.55572313733334,129.36121691950603,194.68101262999204,846,2,Urban
35,-51.71839834627203,86.18366961291706,125.62018181232865,69,3,Rural
36,-59.580132594176945,699.3258881193584,76.40621069649556,118,2,Urban
37,-84.76931154133146,346.4762141303855,31.67819912870734,888,0,Rural
38,-95.1163942996808,727.5191038134739,38.73689745963756,59,0,Urban
39,-65.78834867439215,74.70277739095295,52.81021669073467,33,0,Urban
40,-77.99237531301993,322.1374344523042,57.68366565465662,318,0,Rural
41,-93.89808825776106,544.0963794515839,171.6170509898162,50,0,Rural
42,-75.24115449443649,792.8159331905739,116.63232977367973,880,1,Rural
43,-98.28057394423908,325.5649779027492,109.44427316112963,489,0,Urban
44,-54.5339798960609,629.632462672639,31.80608565515132,19,1,Rural
45,-87.06100091999916,887.1179707538253,173.42654173639264,726,3,Rural
46,-66.8738857823009,619.7045563004815,147.33471760961191,197,0,Urban
47,-84.41444619552945,240.62988000609744,22.856988761000302,891,0,Rural
48,-73.99659894110945,34.15677374097264,144.48866847365605,450,2,Urban
49,-72.66448603283601,871.3978851619206,113.27226129510275,990,3,Rural
50,-90.75727722372365,31.056716741883267,25.527815691887866,559,0,Urban
51,-51.52076861177207,875.9546559573574,97.07712189044473,679,0,Urban
52,-61.24335883194427,533.6477626869398,102.09229455470893,452,3,Rural
53,-53.02505292179055,939.6770215277672,41.49716263102239,289,1,Urban
54,-55.25863247861756,800.7954034159287,189.68264793005363,141,0,Rural
55,-70.10500105944574,997.954769428004,171.49532058132576,84,2,Rural
56,-53.906288248844156,357.20469729719304,137.11424409253058,694,0,Urban
57,-95.57537489740403,769.5164060418156,97.83615659011537,391,2,Rural
58,-90.20085687904275,407.91160447314974,88.23545290105662,591,2,Urban
59,-97.73863555447309,485.0768641008698,133.6849587586813,215,0,Urban
60,-83.73348346183678,631.2304085861864,113.63205518731203,526,0,Urban
61,-80.5661355155259,874.9403430444754,21.831890117558267,215,2,Urban
62,-86.4325484113052,984.2426345073022,107.37550326636303,403,3,Urban
63,-58.563124542403536,770.590679725873,163.2166872742395,128,3,Urban
64,-82.16233366532053,423.58911434566045,97.25557674342203,822,0,Urban
65,-85.95327451563097,427.14343225429946,19.871749735311,477,1,Urban
66,-72.86519584208757,740.2064785730025,159.3928578829663,760,3,Rural
67,-92.95378875126187,246.3893743106193,48.259118605835134,404,0,Rural
68,-59.890150962298016,119.36937200008072,59.13795862872737,29,3,Urban
69,-96.27246781601146,361.07593606436876,41.294207152136224,792,1,Rural
70,-50.65565316997414,294.3666017375409,72.74086232558453,338,0,Rural
71,-61.38776153516713,303.3450392514302,153.78278608084065,831,1,Rural
72,-90.06421592329139,241.27167353941084,108.6833133057481,714,0,Rural
73,-99.72389414381988,51.672257739998265,48.92744208863539,361,1,Rural
74,-59.22692857725829,27.69519538607967,176.78771484888776,569,3,Rural
75,-64.65713280761915,987.8451658386713,177.12055244079053,392,3,Urban
76,-63.54964159795063,433.4954023985037,175.40990075874132,218,1,Rural
77,-61.43648266570271,390.4833806880849,55.37128016249246,574,1,Rural
78,-96.29776741329547,682.8508098661391,95.73547539438773,669,1,Rural
79,-82.07671357278637,226.0713489864135,197.14803466676628,202,0,Rural
80,-94.20654702374351,950.4615721107231,156.68237049889817,17,3,Urban
81,-56.844828706220326,788.4815642713966,15.161810032856366,322,0,Urban
82,-68.8350936586221,98.51689228913692,22.38887233949349,518,3,Urban
83,-83.45509875736754,423.40496802707906,98.14696159434322,570,2,Urban
84,-96.82208248569881,880.3271244865431,182.75183911369643,325,0,Rural
85,-84.45088391421689,945.2847020684961,112.35334161101571,412,3,Urban
86,-83.74083389866264,472.727496137371,104.58437652651514,318,3,Urban
87,-63.519691083096795,617.2772753186006,30.04000299175981,681,0,Urban
88,-68.12212643223934,175.36360663115448,134.78821989761587,965,0,Urban
89,-55.63936287118367,991.2569398756068,166.19960051404283,82,3,Rural
90,-76.38925374190254,239.35498436960896,82.27980142643685,474,0,Urban
91,-94.02028770308492,943.3044563937744,157.3662516758122,468,1,Rural
92,-64.33776063885026,653.1501825024447,193.2505642411542,425,0,Urban
93,-61.96074756915513,611.6594269300705,48.71562723426093,945,0,Rural
94,-71.93614012152518,517.5616259063436,109.43262992700085,731,0,Rural
95,-61.45164100227195,238.3631136005811,64.55621203606935,689,3,Urban
96,-75.31022018178047,184.76275168545317,160.64233961642947,204,1,Urban
97,-73.8633585309003,228.2813469794736,119.74273951741992,583,2,Urban
98,-78.62294908207252,194.57387952281198,130.57065933455772,387,2,Urban
99,-98.72904366279523,781.7886288310858,161.60369032701988,778,1,Rural
100,-94.60542865033477,356.6240065750628,85.23438980586643,98,1,Rural
101,-98.42854071566329,67.2642497977624,183.8671129973382,345,1,Urban
102,-68.17947943681098,969.4116038394033,111.27548477676659,803,3,Urban
103,-84.28220094618366,884.9480261137915,40.01141633871612,208,2,Rural
104,-74.57146544176486,928.4747603632609,142.22083245207247,514,1,Urban
105,-54.62167630369535,994.9587444199709,160.71965658326835,636,3,Rural
106,-87.53538854255625,182.1562967272924,70.18471864283006,792,2,Urban
107,-79.48085384821852,402.27959871363214,172.86405882976305,586,0,Rural
108,-62.22244307284757,760.6560909470504,182.16721840549562,166,3,Rural
109,-88.56009172541887,699.0604118732543,62.611852601783696,22,2,Rural
110,-96.15100450856035,162.3569472764565,196.86907981589218,154,3,Rural
111,-85.5124273543116,817.6747937407116,36.7351903292641,939,2,Rural
112,-91.93893563729978,232.19616611829406,48.3829769964731,439,2,Urban
113,-53.515117382871345,231.57943867439684,45.00271945522496,295,0,Rural
114,-59.59398102177915,541.6046786644795,179.8580449014954,219,3,Urban
115,-68.32981217447883,597.0105354932862,134.31558494174277,669,1,Rural
116,-56.42697049061412,584.2853457594331,38.89981381223184,495,0,Rural
117,-59.81639615504427,100.57196902377733,93.66144948998631,230,0,Urban
118,-90.67149705569821,878.6862540040765,126.90662476326239,20,2,Urban
119,-55.372050075501114,272.944042162819,25.858176147982824,987,1,Urban
120,-73.03288790421746,138.21977206997613,177.65910999739435,553,3,Urban
121,-59.627992241796875,889.8605990702874,162.6846717338917,950,1,Rural
122,-55.19543500382534,956.0949832474558,105.98928697956127,148,1,Urban
123,-84.09982625140681,863.5063410927961,193.75405689924239,108,1,Rural
124,-94.49740377361616,811.4209139776293,89.37458606226895,403,1,Urban
125,-88.60324187290291,658.6895608326315,196.9809606169346,596,1,Urban
126,-78.64461056868718,555.348796903048,136.90479977268916,483,2,Rural
127,-59.09926170387534,96.11689231229603,130.58754191824886,367,2,Rural
128,-56.963470837182825,414.3686809399917,41.53143010619915,834,0,Urban
129,-99.65239347344047,378.96163184219085,177.56627407788235,414,2,Rural
130,-74.46263487112171,267.1562459227229,91.22304070491688,309,0,Rural
131,-79.12944984256106,726.1859125516991,40.824347098671076,802,0,Rural
132,-88.89460947646349,500.9169777279831,12.395428795394217,918,3,Rural
133,-94.00673163331587,90.23575374857145,116.35357989129268,835,1,Rural
134,-83.1192414298186,227.98136993031324,110.2059282033085,134,2,Rural
135,-52.85451480437404,686.4261760229999,146.67718825014012,719,3,Rural
136,-83.83985339896223,85.36955089539718,179.14903007338242,283,2,Rural
137,-74.0604689128317,852.694844908281,25.08725108217561,778,0,Urban
138,-64.84905205524112,500.1950617438346,148.98433316466884,73,2,Rural
139,-81.8185198810353,485.78071155338154,45.60826937854062,481,1,Urban
140,-51.410895863951964,596.4837068129224,173.05364009986116,352,0,Rural
141,-51.877635252894436,826.4341562658976,165.62206763371466,560,0,Rural
142,-87.4108852087318,354.3311158231711,112.75081344725344,326,3,Rural
143,-75.13757470538073,681.2359910334729,144.9461317384292,745,1,Rural
144,-84.95608450916151,570.0746443558331,69.7265215049122,443,0,Urban
145,-85.75797528112662,274.3579874677271,99.52190079723478,100,1,Urban
146,-98.15565263227336,879.8436864916064,166.1110105649896,59,2,Rural
147,-69.52178330100516,799.4517613908588,97.26038746291064,508,1,Urban
148,-74.86604883855692,661.8673163118413,77.98167041183395,258,0,Rural
149,-97.42606243750053,852.0759118032995,103.90036497755698,413,3,Rural
150,-86.06767678816942,868.6212589502044,167.3673579630715,452,0,Urban
151,-54.58670570166731,711.2793469478844,73.68952900046582,65,1,Urban
152,-88.02190546665138,838.6431950800353,43.01470269579132,595,1,Rural
153,-92.75525639543885,700.4967470525908,145.28266386284835,154,0,Rural
154,-75.52736198612185,683.3393640426974,166.93586041453554,985,1,Urban
155,-50.717477294469965,622.4252644330325,29.121120919471334,266,2,Rural
156,-87.89723642442497,755.1894731620648,55.576081423629496,821,0,Urban
157,-66.39322262970607,167.01905424014296,36.97467805458884,79,3,Rural
158,-61.91901923356412,882.0620516069391,76.10886820061165,315,0,Rural
159,-88.11812280038002,873.1250924677797,95.5666859920284,662,2,Urban
160,-63.58918256940702,38.95481020421356,152.27700402302824,947,2,Urban
161,-81.61084336403734,827.558583059115,133.71804112751806,560,2,Urban
162,-68.38470847032103,137.58116879871073,127.97642782090192,917,2,Rural
163,-68.32351446195527,341.7676657165505,76.95123985583433,891,2,Rural
164,-73.21126579626207,746.0731737286917,169.8750350861044,248,3,Rural
165,-95.48551149727959,169.15229708782513,99.54456180565127,790,1,Rural
166,-58.2348752205381,819.7873538778716,196.02993822287937,868,2,Urban
167,-83.9609967514132,833.8128361781645,130.48700627619002,610,2,Rural
168,-90.67407448000729,512.3930564232278,33.99030089725552,414,0,Rural
169,-97.9612429222618,16.322012999665244,138.47373679433247,25,3,Rural
170,-70.4553528405879,294.16775184316367,71.76976293202281,284,3,Urban
171,-66.12178190788589,620.7576491919848,140.4021673703585,449,1,Rural
172,-99.1706085536072,981.3743162471492,23.23181815085709,881,3,Rural
173,-74.39534708503595,635.4953917465017,43.227473063432285,301,0,Urban
174,-88.6752112401031,267.2055452535182,172.5900791920994,68,0,Rural
175,-67.74136047952751,637.6656460686153,53.16411583446783,7,1,Rural
176,-91.28167854975042,544.5855259186969,169.03781379615862,817,0,Urban
177,-65.4531130948767,782.0469411996322,63.062456806337984,137,2,Rural
178,-80.66323268497314,115.91083243868883,132.14756291115447,164,2,Rural
179,-53.163500563163275,763.4176234770077,141.88860896686788,83,0,Rural
180,-93.12395279270034,545.8539128893492,107.40440309756006,897,1,Urban
181,-82.94668244748708,963.3620838204047,68.00902857237895,650,3,Rural
182,-94.32632393797054,348.45344437829925,50.402431510508265,420,1,Rural
183,-53.76531908607186,636.2956742026087,16.305977366860983,73,3,Urban
184,-56.13303233095095,932.7078244549173,67.74981623573753,237,0,Urban
185,-87.10291861424221,111.48463071077246,134.10093020094376,46,0,Rural
186,-67.00079769829105,937.8562023640866,188.27791550521172,618,2,Rural
187,-59.13888998993921,691.0068650778052,175.5288516299799,928,3,Rural
188,-72.23995942002688,77.15868851412019,155.55230754170748,800,1,Rural
189,-73.51747108219968,307.9539312773481,159.80499521812675,262,0,Urban
190,-87.90738545497742,711.0903677588287,136.34713166043912,176,1,Rural
191,-95.34486160970503,76.67709545408398,59.45450293754057,166,2,Urban
192,-55.139212102333666,586.3487555745105,182.36705583410767,657,3,Urban
193,-54.97909714183348,352.42422638342714,137.43913926210848,842,3,Rural
194,-68.34492713633661,624.7063625898023,116.4837198862836,370,0,Rural
195,-83.04851044756496,55.28461347438772,31.087999150561405,795,3,Urban
196,-82.53952126936696,872.8214380908526,94.94055332322083,54,0,Urban
197,-63.702216056488034,973.7540794856229,97.468071528366,690,2,Rural
198,-55.14448700237114,969.1890767328346,174.2670858093073,419,3,Urban
199,-55.645678786744135,752.1553134254955,113.8631618356798,756,0,Rural
200,-61.00622270711881,138.78537772932566,82.27610430437784,507,1,Rural
201,-67.89841769228562,760.6805639697324,195.5920624170253,341,0,Urban
202,-95.79300175024756,34.341047294213496,31.03691273199998,127,3,Urban
203,-91.9185642952693,31.90231601370728,90.28420137926948,409,2,Rural
204,-55.072290573646036,330.3741169580458,17.984688282567006,924,3,Urban
205,-69.6785470170205,493.75675850061907,150.58178294571675,367,3,Rural
206,-99.54014741916852,772.7033436297153,184.43454491783862,271,0,Rural
207,-94.9264228566984,686.4624228404401,63.207092614592995,644,1,Rural
208,-66.8249115445972,451.44367931298086,173.08491859183297,605,3,Urban
209,-99.74692080768907,280.89039961884924,65.52146378776058,379,1,Rural
210,-91.95959742912507,997.153255156134,183.0463307123439,73,0,Rural
211,-72.5633105316707,431.9194892136132,153.25276168338894,923,1,Rural
212,-65.40524011536533,456.87315408637875,162.93228759987335,922,0,Rural
213,-67.40193702486997,171.9875829797525,13.421245564086355,915,2,Rural
214,-88.786534526972,796.8614532624301,192.93396784406494,248,1,Rural
215,-64.3910389326232,696.7454035236738,148.06748849336142,860,1,Rural
216,-88.13754562516,228.56191666087278,67.90270812336533,785,2,Rural
217,-83.73001509203661,91.55723515968427,167.5849863231809,43,1,Rural
218,-62.67542974409879,683.694309053966,63.48902769883669,377,2,Rural
219,-67.51835504763926,657.9661021383239,175.8232295175643,41,3,Rural
220,-57.5388294752911,280.5269317282272,31.390274178268033,170,0,Urban
221,-67.11935538498284,951.3549266279063,143.70033571755118,946,2,Rural
222,-71.58456983322642,159.54731286309124,112.73271056253296,212,1,Rural
223,-95.31626160859537,438.0114530321759,28.341549337133756,493,2,Rural
224,-81.61420984702832,944.1797609659229,55.95982736917941,680,1,Urban
225,-86.73988161591373,425.53004375686106,12.35676689268981,39,3,Rural
226,-87.80051783104582,642.1406881874447,99.0659134382561,369,2,Urban
227,-51.34947226237772,403.6184539831663,67.24039954440008,757,3,Rural
228,-80.34511376666198,281.47305032518335,123.68792201657418,151,0,Rural
229,-55.397672241144335,984.1378714802299,66.47518346463727,111,1,Urban
230,-68.44306870013685,415.2406662518926,66.98463118632709,480,1,Rural
231,-60.25943482291758,895.1582116423431,151.20670775900464,436,3,Urban
232,-74.8681453447404,237.6550598321753,19.147138835887155,47,0,Urban
233,-71.15480576868205,220.97365698483247,181.55004908647757,575,2,Rural
234,-75.3741153090568,40.82274205566625,171.93013613432447,737,2,Rural
235,-90.23785061009778,655.1501571221262,136.88288981301724,366,1,Rural
236,-63.87739423692474,374.84108028652355,122.71209832040302,69,3,Rural
237,-85.96138187795721,865.7146673412407,179.53747464653392,299,3,Urban
238,-98.78420167842731,478.47780762464157,45.21273411045574,944,2,Urban
239,-67.72638520464162,968.5114936355745,25.004140816257436,802,0,Rural
240,-91.14446602964756,193.67026054608993,55.506932282812244,296,0,Urban
241,-52.97707078235428,869.9369362760547,160.96987295303614,203,2,Urban
242,-52.303571149870635,778.8308842638243,16.587350678031832,61,2,Rural
243,-54.256780488977576,773.2126261976115,120.73329866586303,946,3,Urban
244,-81.49206498722778,846.3353958357188,199.1331280763489,963,0,Urban
245,-99.22716917355663,763.4137510335689,172.5822578291325,830,2,Rural
246,-53.584071870613734,629.9581184151012,109.074680918282,314,2,Urban
247,-78.59079258413428,139.9324289055637,22.091772764462046,161,1,Rural
248,-51.66725904781652,42.200917696339395,167.96096773328486,331,2,Urban
249,-51.81900114553736,921.63936933753,123.80591655367,528,2,Rural
250,-57.349527226632,620.4838113755306,31.837269441317698,338,0,Urban
251,-85.27755539652071,798.5719180664146,27.83288411643768,606,3,Urban
252,-80.74511356990374,486.70712799742455,182.82909569295256,304,0,Rural
253,-57.443166424157155,126.13510707277054,137.1480499582349,503,3,Rural
254,-84.15389974218611,133.93393428052494,167.56449187018356,650,1,Rural
255,-91.52536266569538,688.7096343566817,177.0059910536308,338,2,Rural
256,-72.15993687708249,436.00283595046807,118.63674688918123,550,1,Urban
257,-53.19226129196095,208.51947943333334,108.31480683345784,639,3,Urban
258,-65.19851016625135,496.6786012740225,91.78120796098814,275,0,Urban
259,-71.49694149553176,73.56684770438275,70.21985168031267,164,0,Rural
260,-95.14117531146158,586.1516878952548,92.57323256315523,443,1,Urban
261,-69.24963866504152,276.30347039074667,157.0371345887297,319,3,Urban
262,-50.49730749478684,799.5835096308163,124.365451892875,589,1,Rural
263,-92.9957992381738,317.258339334338,179.57942509142075,504,1,Rural
264,-74.08351738181317,460.6679475909832,94.24220273204567,686,2,Urban
265,-56.13134640360223,21.50433450901963,125.34701995656326,387,1,Rural
266,-62.96156911228978,81.7224189166133,129.94843508747786,970,2,Urban
267,-65.1492129502366,398.568620842618,122.42246083820184,870,2,Urban
268,-64.87579580064454,485.1394463699523,143.5004168862481,833,0,Rural
269,-82.02544243901224,604.0203426381107,55.11235899121319,888,2,Urban
270,-85.32040778677533,298.7459529222102,107.34911773370023,603,2,Rural
271,-59.53194222607432,698.0320672652771,29.802712533586057,750,0,Rural
272,-59.49433026604096,861.5211732173125,83.05715225251438,776,1,Urban
273,-56.64638407099481,782.0524790044163,102.65674303804023,691,3,Urban
274,-54.33797237217644,49.222637094873576,133.92260931363978,494,3,Urban
275,-74.43288005695311,485.70187778525064,190.60089999137867,490,3,Rural
276,-74.92418526564002,113.88087663399313,124.12370264418762,721,1,Urban
277,-60.08524105166124,249.6245657039022,151.28284407354636,73,2,Rural
278,-67.50180346111173,986.795967334475,106.19055130408853,509,3,Rural
279,-64.90165613711483,151.0705874724981,130.47976596150295,390,1,Urban
280,-60.210366528194946,503.8992719168425,23.477121065416952,619,2,Rural
281,-55.49973290912168,621.9741769749379,58.334400359950926,857,0,Urban
282,-83.10024215742321,705.440320838663,78.75208770897635,295,3,Urban
283,-81.2208523680028,564.0521966520449,99.77373745123758,369,2,Urban
284,-95.30090300795655,19.673138944991823,18.67326164545291,956,3,Urban
285,-71.0859929501913,333.196695161552,36.60457853513036,796,3,Urban
286,-98.2028863101629,522.5345269508643,62.5947184803481,865,3,Urban
287,-76.72009909337699,96.98783415338502,194.59121127119963,694,2,Urban
288,-72.86776826462116,357.12066189708895,72.95593134957964,549,1,Rural
289,-85.67293739358578,42.8710777034529,101.58780104129568,649,2,Urban
290,-70.45833697154947,87.79271218347054,47.25856542029466,850,3,Rural
291,-98.47498750304753,402.9540434395801,126.04821350439597,568,2,Rural
292,-98.13259056253928,141.38859650262975,63.32981094803512,187,0,Rural
293,-58.86997196701709,571.8654397789426,49.328589903301086,853,1,Urban
294,-81.99046792943686,692.5703194458931,108.14879940473602,770,2,Rural
295,-93.64697436740576,802.580832117992,11.046101840479956,445,0,Rural
296,-73.88783699725978,208.148741802362,11.456166203352812,570,1,Urban
297,-61.500322345069456,175.80775643647905,51.623073729352974,363,0,Urban
298,-89.20894862515784,113.52216193105625,16.97705887515602,123,1,Rural
299,-68.85547620904998,640.0659470482003,30.52489328483136,188,2,Urban
300,-95.7326267503116,709.4109692220321,74.38352337436281,742,0,Urban
301,-97.41591394156961,41.27028337738562,162.49127912016445,680,3,Urban
302,-73.4322684215926,936.8501237812529,118.68924224016716,420,0,Urban
303,-72.96824391949468,61.451570814957684,107.40686793171912,626,1,Rural
304,-68.12850492508967,545.8833719480598,65.76287640954311,252,2,Urban
305,-63.69543331386692,711.9699142564073,187.0332066922351,619,1,Urban
306,-51.20739602687327,872.2594325086247,85.43285783506641,549,0,Urban
307,-74.18498258494023,716.9460628111035,26.547625691196583,335,0,Rural
308,-83.8521763529377,803.7108022390939,127.24263806238224,92,3,Rural
309,-60.240690261564815,346.055690617378,31.629294760554266,530,2,Urban
310,-86.45838743689629,816.6768626090471,75.5923971323215,866,2,Urban
311,-78.0514289647182,89.31369792082839,106.40826835638369,63,0,Rural
312,-96.0771809328867,895.8684894999224,176.1022796901834,662,2,Urban
313,-98.73246282922713,552.1164523921989,103.77385026462255,512,3,Urban
314,-51.867579266103746,819.1247922628688,143.4291655460162,139,1,Rural
315,-58.20099397438971,457.79510167311713,198.63519940982337,698,2,Urban
316,-65.2012896953151,647.1419182445597,34.98293278061651,185,0,Urban
317,-79.55235277928651,531.138634326752,62.198989848708706,205,1,Rural
318,-91.33528399645772,734.2736265377786,84.96945436355281,772,1,Rural
319,-92.1781478664457,90.81368221028369,90.14735392237796,214,3,Urban
320,-87.48785509177023,69.74856315065816,88.09400430045369,256,0,Rural
321,-72.53866676469397,254.632201670045,182.44609048574543,135,2,Urban
322,-64.27020386499689,167.94923331205646,145.66620244870273,573,0,Urban
323,-66.99013116411344,873.0657309262797,125.5019906772337,875,1,Urban
324,-86.00330515270286,227.02184748446388,68.7808163939286,822,0,Rural
325,-52.256735966840296,976.10660326094,166.520173002046,88,2,Rural
326,-63.10515416521157,343.5268338533958,191.4614971821479,836,2,Urban
327,-72.28229737442996,190.2967365318123,166.02767368454303,988,3,Urban
328,-69.4139626882824,791.8015220710544,10.297369986379852,207,2,Rural
329,-79.0199968786105,662.1206977458673,130.91626033484732,129,2,Rural
330,-87.61345052494212,503.2137592886076,19.715722473999136,823,0,Rural
331,-82.20136606743692,559.809915428255,58.94537186340715,3,0,Urban
332,-62.107694476781546,722.0097604895412,21.30969306607662,974,1,Rural
333,-99.28032556851221,236.17019391798573,124.72113606038367,934,3,Rural
334,-94.1963679746542,996.3705768961745,140.4520835635953,754,0,Urban
335,-97.69986789891236,975.0452305253153,31.752651232521973,121,2,Urban
336,-97.96355988405149,653.8224294834675,82.9293877785461,385,1,Urban
337,-57.22697079944964,207.5470264198537,96.68493670155299,614,0,Rural
338,-64.81710703099881,683.4259600069784,80.12007413457415,38,3,Urban
339,-76.29130854563374,81.47642488938409,32.99475009218668,341,3,Urban
340,-95.10829196744993,40.345977183748005,89.60008013562033,925,1,Urban
341,-75.41920624415837,265.10605962610157,152.72382908359944,645,1,Urban
342,-76.32641146097171,467.99672717192317,23.49145626131854,714,1,Rural
343,-91.33990650449924,869.5897803542967,25.234202675561654,860,1,Urban
344,-78.30741753810135,729.8973790686449,77.406545448837,21,1,Rural
345,-80.07476328013132,745.2794559879812,188.92788520759575,242,2,Rural
346,-69.20749509738917,431.2384011035946,137.02880287735366,455,2,Rural
347,-68.24531745661781,352.4756426214933,138.9472917677873,963,0,Urban
348,-97.73479951139777,377.32837535475664,78.76479825919435,621,3,Rural
349,-81.26936926867644,987.7730680986973,122.7955503296223,303,2,Urban
350,-68.70700421428818,49.708099498357655,11.924924965271241,596,2,Urban
351,-74.84318707099561,868.3611811612241,130.85824881781303,595,2,Urban
352,-57.175507940583884,582.8886544866695,183.52452003948497,803,0,Rural
353,-67.06531841905274,444.22926499769454,126.38895898551564,964,1,Urban
354,-91.85327864592851,728.0050838109852,176.00273275860556,69,0,Urban
355,-96.47156262997851,491.80225201045585,147.55488053855782,129,3,Urban
356,-67.87903608968422,874.689005700844,32.90609911670114,196,3,Rural
357,-98.6744344729189,901.6948453711459,181.46612838430994,140,3,Rural
358,-70.71122093632684,427.50371760472086,22.62433042759723,444,3,Rural
359,-52.98848792875212,284.0595192627011,111.45381978407512,283,2,Urban
360,-71.22629110620605,596.4268253074287,37.00605352075696,312,2,Rural
361,-80.5915036896739,913.239712160524,12.224256038871772,746,0,Urban
362,-67.83558907788233,218.5555671156099,90.18650942425141,535,1,Urban
363,-77.08735547542418,626.736917727848,66.05773445428969,665,3,Rural
364,-72.71916053420325,635.2446178915953,102.34009382154457,277,0,Urban
365,-52.92675956117374,735.7818921911281,119.66797847956465,61,2,Rural
366,-80.69486810996129,140.2520082759872,18.310423738699996,319,2,Urban
367,-51.94047180880429,718.6667150352677,33.37062607351167,890,1,Rural
368,-54.73246790219682,909.9421954589845,116.14205532558081,52,1,Urban
369,-90.21044326053519,187.88627778153955,75.20179710280506,856,1,Urban
370,-96.53193495624173,245.16789167463887,148.5429626343951,153,0,Urban
371,-94.96109993112867,971.6811431012231,133.93541323246853,749,2,Urban
372,-99.08890871742251,189.16718318239487,170.6648289680823,311,2,Urban
373,-95.27785196220358,855.8412424358834,141.57363706715282,814,1,Rural
374,-65.84966132918215,497.35507788355443,91.68690470412814,544,3,Urban
375,-96.44056757698856,254.75876365914527,137.86365825494215,567,1,Rural
376,-84.05121848531194,872.0424022597863,62.32242310852952,864,0,Rural
377,-57.75623445152727,450.85220245263883,68.19956476786041,389,1,Rural
378,-98.83640321320871,519.6691803903933,159.90718038495072,548,1,Urban
379,-59.27657587055321,365.64103570576805,94.81970811630062,622,0,Urban
380,-85.90726126133,597.0213429205781,161.69226469848698,177,1,Urban
381,-94.09175861891718,171.88863385917253,166.2602509969729,362,2,Rural
382,-65.16314173179246,397.1707212852431,172.9368441556439,314,3,Urban
383,-68.5528576610058,969.7181991119346,184.16069480982938,807,1,Urban
384,-56.126399323647355,265.55209837411627,91.8871918975263,848,0,Rural
385,-63.24644780980571,660.1692978958793,70.58469548101638,97,3,Rural
386,-59.82595348075757,331.93816358244794,120.61776185288163,881,0,Rural
387,-85.89827137143467,775.7383944297346,80.52276045314925,213,3,Rural
388,-91.12802281101386,139.56492411116633,124.20409169204426,829,3,Rural
389,-62.46926241795708,970.1228346277593,144.06131390232667,137,1,Rural
390,-59.6582630366368,459.25164596980284,140.796953513506,6,2,Urban
391,-50.47474289996634,243.68995871299933,81.16504853382305,109,1,Rural
392,-79.36911615442867,82.76177985671254,41.703438322763034,547,0,Urban
393,-81.39909571036084,178.06032603666534,91.80057430781943,39,0,Urban
394,-61.17935196290016,524.5762090704575,37.09288737556266,662,3,Urban
395,-82.9598229873491,343.63314466697346,179.11843668492358,425,3,Rural
396,-53.462133719821765,830.5945322237834,75.7167175401929,630,2,Urban
397,-57.07936240784941,436.57864842518785,39.34735197243152,261,1,Rural
398,-78.55029863124908,256.2271298617536,14.835074382092667,426,0,Rural
399,-62.45644661042513,620.9735367379898,132.706253394432,87,3,Urban
400,-62.272856295765884,709.7094447165914,131.0114403164012,465,2,Rural
401,-94.84380655820337,175.37148882194037,74.71479165044542,76,0,Urban
402,-54.872354666021664,175.94302412543448,23.62525888105369,471,3,Urban
403,-74.73738137760714,46.30471266420754,87.82949003009408,976,0,Rural
404,-58.677126694612916,739.0379949149841,69.13132406204478,963,2,Urban
405,-83.99751994846942,667.166482345587,138.65292154965178,414,2,Urban
406,-55.22383857518997,479.88456699231574,125.09805739601117,825,0,Urban
407,-80.53991606329184,845.7287444795052,79.2728083575326,895,1,Rural
408,-99.45811742598508,807.6134514205527,51.39958530844812,726,0,Urban
409,-54.73090117903682,589.5008207527846,197.72683356956244,457,3,Rural
410,-95.43566616069332,869.5885677081261,96.26030802726183,285,1,Rural
411,-84.03431812047926,213.78279793640056,140.77210479824504,239,3,Urban
412,-52.49690164745975,120.8004232037506,36.70506383988855,677,0,Urban
413,-52.46964265312219,277.0521154018197,102.26204293528558,599,1,Rural
414,-71.32810559383569,66.5159875284217,15.231976775198444,653,3,Rural
415,-68.40813939151003,535.8578327210217,106.0364724029855,672,0,Urban
416,-77.57772390108401,937.2396353720119,193.16330735236343,558,0,Urban
417,-85.33946141509678,48.95010526182455,82.99927546730204,372,1,Rural
418,-83.5667727315042,130.88881486992653,17.4092423892332,495,0,Rural
419,-66.37407719614808,457.67703800060093,15.881600274675272,624,2,Rural
420,-62.381273528116,934.5362673526258,83.71748438990521,919,3,Rural
421,-60.421047813707574,322.994543926983,40.40473792800687,45,3,Rural
422,-60.51909286027231,512.1624606015084,14.436898302355324,401,0,Urban
423,-95.43969484756548,51.15713045988818,153.6805866505336,247,0,Rural
424,-75.27898476487093,156.85976895246796,97.11937168755922,616,2,Rural
425,-97.12206199916778,986.7638217292584,64.95650667480436,597,1,Urban
426,-72.52355588381323,965.467509471685,181.01580477313132,450,0,Urban
427,-77.92347493133116,14.89058112506552,32.066402438099864,485,0,Rural
428,-55.61479086208501,952.2936675690066,191.62457750151066,646,0,Rural
429,-82.45424937239606,642.7287384373453,69.65367630169703,620,0,Urban
430,-94.14664917861971,869.2391115748219,178.79669773864944,18,3,Rural
431,-92.8504158973582,460.1924570775205,124.5591465310977,606,0,Rural
432,-61.92446841412639,520.4400682934577,167.0743983508826,662,3,Urban
433,-69.08909683418695,493.958114454351,196.96250100998822,758,0,Rural
434,-94.94386619386049,670.1956149706433,64.79703318556169,289,1,Urban
435,-95.79465969425013,148.25474220874978,192.61574222744267,414,2,Urban
436,-64.951543427044,39.67385397395117,84.00156003145987,721,1,Urban
437,-96.36184968179032,314.850642175279,83.24726190001525,638,0,Urban
438,-58.90699703548219,707.6339551092802,74.67354980835609,235,0,Rural
439,-64.68788864217518,209.83491760171887,112.86744539604119,416,0,Urban
440,-95.932560967905,676.6981089916682,39.28755820391255,938,1,Rural
441,-95.7581142957404,970.2129256461977,115.20518221802213,499,0,Rural
442,-50.66802107494123,102.9617086315242,112.92391435790076,974,1,Rural
443,-81.28646021219399,675.876097042875,154.7613443949253,634,3,Rural
444,-81.46789264665546,449.31271711152544,168.39349276814124,650,2,Rural
445,-59.36002163712487,869.4608318337303,93.68385655936056,115,2,Urban
446,-52.63757113080707,185.37829155291206,67.44331737678381,932,1,Urban
447,-50.69994680885645,695.6996927039029,59.273630490247946,674,3,Urban
448,-62.33109073705292,839.7341367516291,46.97852897392567,713,1,Urban
449,-81.18702072345421,945.168077279283,20.95304061781473,234,3,Rural
450,-95.82496416506656,686.4155480067493,75.06511597859553,540,0,Urban
451,-61.14265420362816,502.203016368343,61.34706150484882,11,3,Rural
452,-72.07978751320975,621.6687677992018,193.61930331461738,206,3,Rural
453,-78.78889953765119,870.215934633931,115.96467698750834,679,3,Urban
454,-54.6822807452632,574.9036491724414,75.98263741579643,247,2,Urban
455,-94.44012588469243,40.08318909986849,120.28884418880224,559,3,Urban
456,-75.36874478545704,931.639208551908,36.447373255682145,758,0,Urban
457,-99.43231776162905,692.6314835212455,94.36831234841856,127,0,Rural
458,-76.56696790029369,679.748251919474,128.98452107000213,147,0,Rural
459,-97.18483621590813,223.51840087374,102.89058804056576,118,3,Urban
460,-94.0591041865964,662.2966155303307,86.33797212432161,911,1,Rural
461,-94.12368766114476,399.9257615976169,198.83119389094264,382,1,Rural
462,-67.53948489419682,654.7206472710772,177.25980480829614,412,0,Rural
463,-62.69775603672883,115.52710000491082,128.44713205029362,664,2,Urban
464,-70.83156174514201,661.2668515570057,118.18169862463373,584,1,Rural
465,-51.89137257627291,999.4195885129599,127.92549116667097,363,3,Urban
466,-81.2564710238148,57.72991847195047,48.24930048626232,509,1,Urban
467,-85.71439568590696,977.4024423791042,85.07617122022053,137,0,Rural
468,-56.570043590526986,412.8388811156419,17.497311249270872,175,2,Rural
469,-88.82020807402736,872.0459158338865,100.35374712249707,289,1,Urban
470,-51.838873027969434,784.5616292176908,113.174670951956,958,1,Rural
471,-99.39227626550918,571.3460983768011,53.27244985960982,481,0,Rural
472,-51.506058664618045,741.0647171588132,193.1654809614476,19,2,Urban
473,-97.84200440247119,879.7304056883344,182.79637607807598,195,2,Urban
474,-55.442844315096444,410.09891843452266,147.20721473662212,330,0,Urban
475,-73.614944545685,333.7628299476063,111.34345946541889,936,3,Urban
476,-50.35176019403498,670.9174517079489,175.29414033306014,175,1,Rural
477,-96.31017176323006,809.767482521846,34.82394532645795,449,3,Rural
478,-72.30728577993396,764.6622834288496,160.19686091222815,925,1,Urban
479,-51.53487321904505,799.8355123700481,33.715954653701175,946,1,Urban
480,-73.84510779149255,441.2274816648037,160.90002588438702,354,3,Urban
481,-68.53006809323688,819.6558740132714,62.39583796775782,499,0,Rural
482,-65.21256555076914,129.00696481690235,176.6472103934559,141,0,Urban
483,-77.27294676161134,549.044206981241,189.3679978268256,758,1,Rural
484,-68.62209599579683,15.701073893140354,38.27123418697197,897,0,Urban
485,-70.78428440384499,331.33997160126756,97.90836496242477,930,1,Urban
486,-54.942099475450554,372.7969195226839,196.38760185091016,93,0,Urban
487,-97.72768098292711,402.21096469316285,101.84741283489785,944,1,Rural
488,-85.95184052038849,698.5125346229636,174.07402927776357,239,0,Rural
489,-52.479425796172066,394.6725202576423,121.85898920495077,205,2,Rural
490,-55.48681080545418,454.2066863963054,81.31268250472435,560,3,Urban
491,-77.21716236071435,245.1686895655842,64.29887554991534,433,2,Rural
492,-68.99337010992316,379.5192737130467,48.61238730635658,245,3,Rural
493,-86.13094085094336,234.99693099051996,154.74165636176247,832,3,Urban
494,-90.59394201381194,82.4639645307592,83.4426962963753,317,1,Urban
495,-76.81507975300089,607.4141074475641,107.14233781814272,925,3,Rural
496,-82.33238859869736,671.5306705694661,103.54184120022457,295,2,Rural
497,-70.8171944074564,623.2954425495184,119.68301555429494,640,2,Rural
498,-96.11326815175076,468.85910336256666,174.45965766866493,856,0,Rural
499,-51.28025961669167,385.98792237743754,196.3404752808516,282,2,Urban
500,-50.68946277601986,864.700313076107,87.44099962902521,17,0,Urban
501,-65.09191429901274,523.8909672848558,167.2285952001976,71,3,Urban
502,-73.19518168279399,484.3900588534337,155.26028098439636,269,2,Rural
503,-84.52361918568361,35.38564514837133,118.97050077655892,325,3,Rural
504,-59.31024901465257,347.8353493498948,191.6489572862673,794,2,Urban
505,-65.76344137230603,386.3936625979985,48.09015795039653,305,2,Urban
506,-91.86915303275543,404.83455308793145,30.760199958828068,451,0,Rural
507,-54.453640775307875,584.370645535059,172.25277372153022,7,3,Rural
508,-58.87313785384155,538.2665212596097,93.43846516041218,314,2,Urban
509,-52.5100043354038,611.8260418655102,170.92408229934148,817,1,Urban
510,-63.714024580582,767.234428926707,179.68713898712883,103,3,Urban
511,-69.3292402032105,814.8558813289326,21.86694278762357,821,3,Rural
512,-79.08784818546906,720.9418454642295,177.85830496735153,193,3,Rural
513,-53.36357583229934,955.9684589953854,95.18062052019022,753,0,Rural
514,-56.69680552497958,28.050256849598014,106.98217291080412,574,1,Rural
515,-97.73906649469053,203.82020582671063,129.05257710770996,529,3,Rural
516,-98.6816512751374,17.4872462283607,186.01269527871648,171,2,Rural
517,-81.17683165609752,650.999967013057,13.632057941655166,537,2,Urban
518,-59.47233346090835,899.0502434604871,100.60025898038525,251,0,Urban
519,-50.636193534252776,251.0474736105363,140.66718806180654,765,2,Rural
520,-92.47915544482359,927.7641993483436,147.3143219626634,387,3,Urban
521,-70.29346423239325,69.66471638666525,141.5811619920505,207,2,Rural
522,-80.95545716844893,935.0916665374591,35.542674587543154,541,3,Urban
523,-51.50428010926984,358.10646036723807,66.88516179061943,629,2,Rural
524,-57.894053843214564,110.40662016472434,78.15594982923255,416,1,Urban
525,-58.08356476444311,491.0130415944624,162.84306945910595,794,0,Urban
526,-76.56534201025148,264.20880204330285,62.96437575876507,380,0,Rural
527,-79.25902488311674,292.0241729423036,50.0339431347686,144,1,Rural
528,-86.3296464034647,314.2170652770237,191.91512361723827,25,1,Urban
529,-97.18122516745365,804.9956388543368,11.684024171559091,822,0,Urban
530,-56.76388118724734,543.7696639085019,199.58596257957586,668,1,Rural
531,-59.35494954349612,318.1946221644436,138.59604678290518,73,3,Urban
532,-50.01411633569347,614.2304454778092,167.40916689533225,632,2,Rural
533,-50.168158146304734,718.9891674809617,65.9776853057767,824,0,Rural
534,-72.22841471986862,279.89776072619844,12.719902756741396,833,1,Urban
535,-61.55062924097447,419.413610510098,150.19520852669072,93,3,Rural
536,-52.761713505878596,130.66723240357808,168.4874734301284,505,0,Urban
537,-57.517630466129425,189.3378560393335,150.69046507116863,598,1,Urban
538,-87.63259491284012,684.306675425333,37.141554587159334,336,0,Rural
539,-77.47279323449533,189.62396421867066,153.15130522882413,425,1,Urban
540,-93.54202924242526,529.9117498303896,156.09532860045178,499,0,Rural
541,-52.29744863706388,711.9557991052084,135.12269797731042,364,3,Rural
542,-69.691268277456,115.80815386379639,155.56202723116138,947,3,Rural
543,-88.56785972482686,571.6390974326146,170.7250735387691,630,2,Urban
544,-66.41496577970716,263.99715586435013,126.5847817051171,745,0,Rural
545,-69.09358797710522,963.297606485204,26.83489565423902,199,2,Urban
546,-82.09186409835797,488.71019025272545,102.64928383677007,718,0,Rural
547,-94.32212039001855,807.9326242774065,24.753373587604962,413,1,Rural
548,-66.42134022036002,554.7242767346992,87.43317589616186,339,1,Rural
549,-73.98461495481034,52.97840752627097,87.35023293386925,659,2,Urban
550,-61.38408041321804,636.8198618380821,22.5418703866459,962,0,Urban
551,-73.99182494440034,951.8893087845904,76.27590145420108,937,2,Rural
552,-57.390924984072996,605.5957019448679,31.08963877034982,429,3,Rural
553,-72.40465806127573,820.9969708325223,163.56468990175222,783,2,Urban
554,-71.95310142323069,885.3643987149237,190.06072493324945,899,2,Urban
555,-56.167319867082746,235.79897422944316,23.740130299008335,139,1,Urban
556,-79.82585668938015,219.92439150914439,191.47188938542325,693,2,Rural
557,-93.29923857746796,614.8711789624818,109.28955387398157,942,0,Urban
558,-98.56086618433305,416.91818510863766,66.91747881123604,542,1,Rural
559,-62.24313721631905,841.4626898380532,24.603794302471066,57,2,Urban
560,-68.98452243232677,901.0228921640311,105.11861093337939,232,3,Rural
561,-64.79601159503882,359.88716550969093,160.95795345324225,658,2,Rural
562,-89.35179192455446,244.50185338473725,144.34643068067265,435,2,Rural
563,-93.1814262206615,782.7202600914233,19.542942178155016,384,2,Urban
564,-99.2727667166059,282.05797519265474,23.851348719901665,560,1,Urban
565,-82.47062205967015,824.3881753285416,86.54592370020104,194,0,Urban
566,-70.50411565726834,429.5008711122752,66.10519386910923,736,3,Rural
567,-80.38779774501339,670.8744002985558,54.153021380649086,648,2,Rural
568,-78.12625389881354,104.57996069632149,63.39085479265558,534,0,Urban
569,-54.79206527531258,627.6207314298073,162.66172122640808,518,0,Rural
570,-82.58722664883499,457.2500019498568,186.55333019005224,716,1,Rural
571,-74.30052554200947,590.7423785437194,86.96951196023763,751,3,Rural
572,-60.81734936294285,176.3340656674148,182.16109040517443,185,1,Urban
573,-80.1728608839365,739.5050074947403,71.08418323709756,872,0,Rural
574,-68.89566498860633,864.1691067677963,100.5230274053204,292,0,Urban
575,-56.88181456266274,224.5724020898679,52.94550958503995,335,0,Urban
576,-52.5239688171179,104.7574099649601,131.69044801341036,732,1,Urban
577,-92.6463259535481,33.40220018587303,196.0064118832137,116,3,Urban
578,-53.67061874192528,645.5517854388333,124.66368824824194,825,2,Urban
579,-75.3941853460231,611.023095727893,77.98467598157428,49,1,Rural
580,-87.08778058505209,551.2304385869293,133.0853147382004,685,0,Urban
581,-77.04321218808693,239.62762515481566,33.35492890842364,82,1,Urban
582,-50.99837123572615,396.99693594645953,178.84522525042573,834,0,Urban
583,-75.36909530035652,598.5315718343113,105.5859506481689,333,2,Rural
584,-83.56241948562459,501.7991902705777,95.376450987532,557,2,Rural
585,-68.32995728416371,987.9076650127384,121.31430980616865,335,3,Rural
586,-87.99271906109034,145.0753550311658,128.70893392998647,532,0,Rural
587,-96.2068335945668,698.1931085071178,23.637403183037478,960,3,Urban
588,-93.55601390446753,410.2755804232492,139.69727203244645,221,3,Urban
589,-93.59770805211137,433.9176187763586,55.96701925995062,635,2,Rural
590,-92.40486532438528,720.4217880015945,145.65100017625207,746,1,Rural
591,-93.05864136752949,695.5117898111259,166.28161093299738,733,1,Rural
592,-67.95626275983926,991.3434337651664,162.75211643497886,323,3,Rural
593,-90.90599578004276,137.11034655958397,114.97518380749894,851,2,Urban
594,-82.71663583380683,113.06855289032467,108.83227953904272,3,0,Rural
595,-55.160579504699406,727.0954289574537,37.14643265448822,694,1,Rural
596,-76.30191798685638,582.603047836345,157.31576857659576,206,3,Rural
597,-66.62211307394864,281.4190598942078,61.56778228487573,832,1,Rural
598,-91.38400643991851,88.62517529909674,104.37213033540985,40,1,Rural
599,-90.38554905956646,94.80166710046623,64.01207765622817,59,0,Rural
600,-97.95656918667606,895.2489659174771,35.427388969941696,951,2,Rural
601,-91.55324684639177,199.94865147155548,129.61596240942995,574,0,Urban
602,-86.07048304840207,330.13784649436553,20.323086616351727,644,2,Urban
603,-91.14947578616265,234.38983820471813,152.242594483978,507,1,Urban
604,-95.56487331214721,361.4463427736179,70.34149109961217,572,3,Urban
605,-93.96820644496997,78.72960431863244,10.025591670852211,884,0,Urban
606,-76.96106159836371,523.8691929991877,107.11453645507366,843,2,Urban
607,-89.68331407971037,76.93643795629275,18.901862620244593,122,1,Rural
608,-81.78650694759622,802.352942744138,62.4722159859709,479,2,Rural
609,-74.82913645725716,241.3749610913287,144.32553261658606,619,2,Urban
610,-65.48025856853174,544.6117954584655,21.911028108154515,96,2,Rural
611,-98.03439300794506,881.2782966858437,169.47431354764043,859,1,Urban
612,-60.02948005454787,654.3685953567223,10.72578530513079,414,3,Rural
613,-68.60498052545461,537.628208685822,56.89653514836143,235,3,Rural
614,-95.91204840255641,331.09041558422183,150.77177066889357,898,3,Rural
615,-56.32106879466114,339.67189392761594,70.09132844856829,62,2,Rural
616,-53.95637997340934,672.7920856462082,29.35955373254257,256,1,Rural
617,-96.94610200725681,994.1979676089559,78.4444445720813,561,2,Rural
618,-86.15611759263982,665.2207979508848,61.37472441305985,905,3,Urban
619,-59.68993601034693,562.2055831963247,170.11526141050544,348,3,Urban
620,-62.58701548081708,733.3440051368536,69.5361043411772,671,1,Rural
621,-90.77394903218114,470.553556160881,159.89716963744138,124,2,Urban
622,-89.53253383316448,69.54091917477737,179.4557075140396,482,0,Rural
623,-81.4763948604309,566.6738477191307,92.4253097195406,317,0,Urban
624,-75.77385074044894,958.0490316603264,182.88919733233448,504,3,Rural
625,-69.0872614234852,183.54991293408304,81.69043025300664,719,1,Urban
626,-81.55431802151138,693.104841912459,193.17489913312056,48,2,Rural
627,-76.8732641933426,208.9243517724659,26.965009659858858,409,2,Urban
628,-62.62645309331217,540.4694076283505,140.53366063561612,932,3,Rural
629,-98.16583985547011,105.70968515025243,103.82466768681645,136,3,Urban
630,-87.37815278279896,455.86722689560327,83.65327303657294,201,2,Rural
631,-64.33252070577238,758.6016956062936,130.21525696223418,250,2,Rural
632,-55.23965811564003,354.09580899659227,143.73284741052294,314,3,Rural
633,-74.41612789421669,668.2626072423459,10.829021233558727,869,2,Urban
634,-73.39432573673422,797.4954611818318,41.721086861967756,368,0,Urban
635,-94.6413994330112,927.9060412846582,145.47874962052055,429,3,Urban
636,-77.62938165882727,242.29566103689902,136.61322857985922,830,2,Rural
637,-73.36913667724885,405.32275665121506,193.54902597444868,807,3,Urban
638,-87.87647481826352,160.89185319711325,154.59718014764877,480,1,Rural
639,-86.53783845253095,992.5586671367914,190.64681446895423,314,3,Urban
640,-81.13579184476887,927.7309582450523,143.4826952916133,500,3,Urban
641,-98.99644011111369,544.557558977754,66.6299196414942,721,1,Urban
642,-83.89604172084108,843.612961432657,30.01933522766273,355,0,Urban
643,-89.42759965017277,525.7483974993218,158.54653403553777,485,2,Rural
644,-83.62513239110427,627.3498311227321,132.38835208042403,211,1,Urban
645,-94.01189340903744,98.23318779485645,19.155342354726283,704,3,Urban
646,-55.47363596300525,757.7177162918398,78.40958852118588,44,2,Rural
647,-70.32037732229756,136.43634879888248,191.79196494201437,541,1,Rural
648,-66.04488404277552,827.806953950003,105.07621768493823,571,2,Urban
649,-60.54143806963309,784.207806793682,92.21853584374388,583,2,Urban
650,-75.07789005354714,711.6572507655467,96.96292498026585,92,1,Rural
651,-95.65398559562881,45.79877671951449,49.687717560981106,265,2,Rural
652,-73.14467290907261,310.0970723858753,80.05436246431108,895,0,Rural
653,-70.65794409895605,270.4814442117344,80.26451863756355,220,1,Urban
654,-62.728026290783504,366.5350433968039,19.947453835619754,902,0,Urban
655,-78.41702268851603,96.76631929620015,155.83784941840446,925,3,Urban
656,-93.62098486022181,937.5882448007521,89.13584206173701,442,2,Rural
657,-85.81120471006378,558.2642183052525,166.21417849512042,401,3,Rural
658,-81.84588518006825,312.4690675514433,171.56612021278013,400,3,Rural
659,-67.70413793341993,403.0117019035406,50.278870392745034,727,2,Urban
660,-71.46108476655441,452.7305150997873,134.89716161232442,991,1,Rural
661,-82.19516370510769,604.5883900270111,99.73354279096652,899,2,Urban
662,-50.67423756035102,520.5226334195328,177.22978020508216,789,3,Rural
663,-69.71125903215564,920.1980534822732,50.99072904352628,576,3,Urban
664,-88.13866041320027,501.99384807677194,138.78450805890841,858,1,Urban
665,-94.91087636897981,992.2364346750795,125.47290322801729,804,2,Rural
666,-92.3570430407834,852.9107081676448,66.10728073864823,490,3,Urban
667,-87.7021135807746,216.42540921376246,35.9541716937228,485,0,Rural
668,-91.96593133702221,931.2892624974771,133.81155449068257,757,3,Urban
669,-90.67164879743471,125.20273390662133,150.33351704514283,470,3,Rural
670,-85.74524156530765,819.2752114062797,69.9691953150365,574,1,Rural
671,-91.33132023526225,386.81706054181427,132.51819476423964,938,0,Urban
672,-55.16172876867874,879.1945772406189,85.07487244618562,844,3,Rural
673,-95.98831271691789,869.3761232063758,145.50930782369736,682,3,Urban
674,-73.77443052148726,807.866146116445,47.85090222987009,445,0,Rural
675,-79.48015865051693,792.1301319439908,179.14085050087314,269,2,Rural
676,-50.88106915456968,311.6323477070604,64.60782332846014,267,2,Rural
677,-94.39805489159738,90.11009022073965,79.87933767366906,54,3,Rural
678,-80.10722004771291,408.95037697750985,21.03747089526646,528,3,Urban
679,-51.526478336231555,181.7892698366436,31.187320341042515,520,2,Rural
680,-56.724643705300984,698.0015780134371,108.01376151534234,616,1,Rural
681,-59.146396452536,352.63872927240766,60.84260857831458,59,0,Urban
682,-87.104858647753,975.8540988513157,168.74124289101692,825,0,Urban
683,-91.45562063049671,644.5623565718787,12.79174384444123,40,1,Urban
684,-66.56783900377846,824.2557579980173,82.02786924766788,237,1,Urban
685,-53.53120054362071,141.19942601442995,74.09565388612761,955,1,Urban
686,-72.16185534930351,863.3943374498963,13.672249874344196,386,1,Urban
687,-71.419365526505,923.5296186082604,33.62999581009694,606,1,Rural
688,-86.0010453169858,492.1912996307465,88.5921082345407,734,1,Urban
689,-61.52535334040316,610.1904083734677,103.64427104501486,716,0,Rural
690,-90.64781257212383,767.1617028939655,86.81505197842513,650,1,Urban
691,-83.81603817978782,183.09024098780841,110.87815889829783,300,2,Rural
692,-78.72817806917917,507.540415698808,123.07501823207949,395,1,Rural
693,-74.61948106577725,404.67639749459,11.88552601428877,207,1,Rural
694,-87.87951337924599,154.91025224062662,98.17808029616573,336,0,Urban
695,-94.25815876303983,373.8590780686161,193.0648557686418,593,0,Urban
696,-69.46899787791837,77.49058629163864,108.61613322461426,730,1,Urban
697,-85.56847233798722,35.553787879992115,138.7330308172011,514,0,Urban
698,-70.93808892886939,143.81462626327453,69.2541330042078,178,3,Rural
699,-92.28186423628989,963.4839604732821,157.0583618490249,396,0,Urban
700,-75.94299490725913,554.0342405360668,156.85508155646187,371,0,Rural
701,-73.37052837242071,966.1639395416878,109.0462490542864,858,0,Rural
702,-97.40882315887866,438.17289954683065,195.4426264230506,791,0,Urban
703,-83.16978609030397,318.697971754407,33.85454080490415,658,2,Urban
704,-93.27926615305128,511.08044421184167,13.22005632902039,318,2,Urban
705,-96.83125147636162,445.11657174658103,156.33006023384823,736,2,Rural
706,-50.50198838050274,114.60803741912648,163.3595520993277,369,1,Urban
707,-83.88230775126385,644.4180515433042,32.83937353290949,384,1,Rural
708,-59.506277707268254,223.8778006845036,60.46073826213515,62,3,Urban
709,-87.2679672618118,623.3920753488513,13.334949039659492,806,2,Rural
710,-65.92486388880354,653.6990814741719,65.7286360483073,505,1,Urban
711,-61.988607005515675,160.50460459736163,156.89695604454758,239,0,Urban
712,-70.21806296960779,70.73613083956147,108.41250026539,195,0,Rural
713,-76.42119057249208,782.9539702077554,76.13816270197474,678,2,Urban
714,-79.40795429263657,465.20241953162696,80.63046603220275,963,3,Urban
715,-82.55658667285023,67.58215755042103,10.25718888593895,222,3,Urban
716,-53.523542787608704,994.9176539980695,66.96210023739482,61,0,Urban
717,-58.469029610613546,67.20275538640297,132.8271609112068,129,3,Urban
718,-51.748654466674374,698.0848765699676,195.09694432510784,990,2,Urban
719,-93.78513882572277,983.8421360107794,170.9415571269409,685,0,Urban
720,-63.45662623981779,246.78830317376637,14.483043282650534,992,1,Rural
721,-53.08297715894811,150.8268750003242,180.72651488821947,156,1,Rural
722,-90.93834669171699,130.17109002820462,158.80769852673893,917,3,Urban
723,-96.67518663166112,310.2423960919196,158.27146347848628,378,0,Urban
724,-62.943967535497045,110.03535290054022,97.01919421067858,622,0,Urban
725,-71.2763443410044,695.2397282771906,85.62100566135554,781,1,Rural
726,-57.9085611620864,71.66888014876207,67.5539884783066,923,0,Rural
727,-93.01138116868553,514.3279068682918,22.482023201329497,868,0,Urban
728,-60.23663440700549,996.7298853144471,53.36471906380283,903,0,Rural
729,-89.91863399761277,815.8305668109587,56.854690645824675,790,3,Urban
730,-91.81720285671477,619.0672438487007,101.9746432449383,586,0,Urban
731,-91.78671010345036,313.1910845787456,152.01443725337185,999,2,Urban
732,-59.271263988430896,627.6568779287221,100.02386739560986,437,3,Urban
733,-66.74013896519,531.7710492725352,20.990445394960517,975,0,Rural
734,-73.84672876154403,431.8225500514678,191.98006218775873,207,0,Rural
735,-82.05847579382487,139.40327297279748,189.11762062788134,388,2,Urban
736,-56.13997295934459,887.738173088062,159.1860131981976,480,3,Rural
737,-80.37774462886823,455.2868023331093,198.3523012972019,791,1,Rural
738,-59.17002802642114,202.6762867025574,113.45164323204996,887,1,Urban
739,-78.04325457148909,374.0817573685167,192.92598654810917,838,3,Rural
740,-81.15277852875462,419.98845500363774,24.364957717182648,984,0,Urban
741,-76.86601071651968,829.2625166112056,79.47934216966055,340,0,Urban
742,-84.9311062917929,736.278236755788,52.822440921285505,869,1,Urban
743,-62.619530991187446,771.6118447049264,47.2082859855113,340,1,Urban
744,-74.86398049537604,20.920951784360742,36.752560289608454,204,1,Rural
745,-88.38936524265914,421.9924581979639,128.25859189753936,161,2,Urban
746,-55.021271336271575,486.5307101189704,158.45115259198795,540,1,Rural
747,-80.80543893133944,29.00035405482612,119.87669588986853,392,2,Urban
748,-72.82235694430057,267.2150766575839,37.92291482175984,769,3,Urban
749,-54.67639445177265,762.6869248909137,164.11351628735946,677,0,Rural
750,-68.78810020430039,145.73860867170907,130.8313943611084,575,1,Urban
751,-94.1550979645818,539.9570301380658,83.75148416412915,534,0,Rural
752,-53.008393819326244,223.04985329706514,138.08475615185196,70,0,Rural
753,-68.61459734642911,21.99956689745434,59.38194605613824,893,1,Urban
754,-83.2547192671457,248.78944302354606,75.5865196139,405,1,Urban
755,-93.03639636683064,976.1150173609533,184.32231019507813,608,3,Urban
756,-60.2987405364852,803.5217407641597,65.19585607756987,675,2,Urban
757,-68.99636220357432,959.9808778778231,99.29777095000796,591,2,Urban
758,-73.32694540118392,492.9755034870988,179.12681610524277,517,0,Urban
759,-55.30537084745212,118.63883669072847,144.46705655083022,828,1,Rural
760,-60.57013943877346,552.479894083956,21.818612971293522,120,3,Rural
761,-92.41625601336244,459.8335612143613,37.987578413004364,814,3,Urban
762,-84.4138966102226,845.9135119122197,11.489902246664196,690,3,Rural
763,-87.57554300927671,107.10175497640215,129.87514014354105,688,3,Rural
764,-62.80268537136615,493.3587256515604,95.05795082797948,902,3,Urban
765,-98.32337826321103,158.54817804704442,35.51222167143235,217,2,Urban
766,-71.50551575643418,331.42916762115937,192.00748300078638,56,2,Rural
767,-61.877065712965475,739.9835066139217,110.63534754966778,366,2,Urban
768,-56.161718161912525,481.25794807507884,55.959725881448946,699,1,Rural
769,-82.89591256420462,382.12940229431166,105.11467851939443,504,0,Urban
770,-58.93713476639936,400.53151578433494,139.12786321967047,744,3,Rural
771,-94.46841315223963,464.8523007219268,24.48545141497725,767,1,Rural
772,-57.67738541327409,787.1663783986863,62.193724859099476,925,3,Rural
773,-93.62556688340088,893.163842050832,163.3234432679588,455,2,Rural
774,-80.13563547198163,955.781339638889,97.33632537650564,104,1,Urban
775,-60.13523171102232,789.0343523927421,113.84965698613603,77,2,Urban
776,-92.5041286325613,322.2528267905326,92.23504041979916,230,3,Rural
777,-88.53743023836793,691.2533590256767,18.340989102170973,914,3,Rural
778,-63.88737158034669,443.227092814838,41.492458165829625,258,0,Urban
779,-63.99817317269628,262.12391582559064,94.65291136095927,264,3,Urban
780,-67.94261835573514,842.4628636316634,49.74523842750629,331,2,Rural
781,-65.302577776645,48.04208547270175,19.496015445338962,993,3,Rural
782,-72.86377783262019,902.7443722140692,170.2934361698465,182,0,Rural
783,-87.41004705465237,466.8626899784868,196.426580541182,893,0,Rural
784,-82.71520032480403,640.8294620401977,160.6971460593805,768,2,Rural
785,-90.92011415992872,662.7603829837249,172.21913512388673,550,1,Urban
786,-54.577471933318584,896.166563299471,55.97565476023862,688,3,Rural
787,-70.83041026169397,640.3029853455353,192.51912534750795,27,0,Urban
788,-79.957429161818,617.7942489124612,47.415883846151395,276,3,Urban
789,-76.89970981779337,75.98552015508307,190.77166396874813,652,3,Urban
790,-52.63583301940923,523.2239417257521,199.0156658535307,299,1,Rural
791,-92.33242984419599,158.66731080887124,145.22733309174927,957,0,Urban
792,-70.68850839916014,740.0594310342707,196.41730904044616,799,3,Urban
793,-74.7055660557767,517.0997016045478,118.2125581177497,91,0,Urban
794,-69.42728822826761,683.4255014162698,59.312938803457165,480,2,Urban
795,-99.09449080895797,51.256171596360424,93.02921827646796,573,2,Rural
796,-56.393804552792425,93.94409588534519,122.77657772196933,458,3,Rural
797,-53.39408587581938,719.1601541820554,23.885496785132847,451,0,Urban
798,-71.74334082053956,81.36349263868664,128.24522027727676,365,3,Urban
799,-65.1674588061554,80.544160487606,196.42378898483597,859,0,Rural
800,-53.875030941135215,21.987390482538576,46.12045345890825,675,0,Rural
801,-64.63806828433007,956.9363843164853,160.59307209479283,351,1,Rural
802,-92.37304785428694,740.1332758644169,182.50077081812768,655,1,Urban
803,-71.18558199165935,359.71889441704354,189.30330263584196,400,1,Rural
804,-69.6642476808572,303.5702254747787,192.42576483703496,253,3,Urban
805,-78.7934664348807,356.20619744839104,109.07733135707967,781,1,Urban
806,-63.17778821876386,776.90699586937,195.6885025183857,881,1,Rural
807,-53.281649261549255,664.7569049597103,153.88893935554339,803,2,Urban
808,-53.721574354661186,193.34361218879326,40.71757288502276,459,0,Rural
809,-77.4580314297934,182.3682419807435,100.6110202289143,699,0,Urban
810,-94.33809770796223,107.41169321626334,146.48292332068075,917,1,Rural
811,-50.757940051883274,663.6996925043247,56.99466000562583,499,0,Urban
812,-58.05509567770329,766.7289355995185,131.7168848742886,950,2,Urban
813,-93.76686593983666,272.395964041754,136.65409101885766,971,2,Rural
814,-53.95790586913138,30.735511420603682,40.91295132362752,926,1,Rural
815,-56.50518189689359,91.34995080166307,117.3662093660237,508,2,Rural
816,-74.05809714369639,968.1814344965802,156.60911308593546,304,0,Rural
817,-70.43622821275353,302.4903297026461,104.79017626182896,501,3,Urban
818,-80.04986480649349,771.5309163597523,12.29959218746041,803,0,Rural
819,-97.26191805889843,628.4169331657212,11.717309125065514,598,3,Rural
820,-83.24013791770496,388.12024325636696,77.83557535430232,166,1,Urban
821,-59.85732757009943,213.63038957359956,185.9768730020386,415,3,Rural
822,-99.76839884976985,130.17255397781236,53.448588124685664,462,2,Rural
823,-83.3250414154428,618.8628383584779,130.52910088562055,920,0,Urban
824,-80.09156532045283,776.8874428314101,52.19441543173091,114,3,Rural
825,-73.13021985310385,647.4652110057194,71.11729803531423,433,0,Rural
826,-54.007219179361975,534.9991119166667,171.12799702428197,992,1,Rural
827,-82.68270028170194,51.5317111973199,148.4836740312899,356,1,Rural
828,-82.65233990518861,968.80388981844,28.12586268951002,928,2,Rural
829,-63.12493759451258,800.7270497380289,91.45338398742238,695,1,Rural
830,-77.38910295550964,299.8938163339551,15.54225509260025,207,3,Urban
831,-88.7697588530009,980.1706260652621,101.36912785457172,768,1,Rural
832,-77.37802419336533,605.8627737399589,135.86246222320295,235,2,Urban
833,-92.95714898101001,586.598431625174,32.5154984836488,442,0,Urban
834,-91.18065067468883,750.5924476352368,64.88813839274147,355,0,Urban
835,-75.08161136302601,813.6520902092362,85.58895884540982,515,1,Urban
836,-79.0537275247726,659.9138212581876,184.71089468464945,208,3,Rural
837,-54.257704946595,136.81478890253803,198.71845293036316,709,2,Rural
838,-81.88030504416835,344.8848309345534,18.533146809167015,853,3,Rural
839,-70.97058248609783,928.8028039227893,154.59150546412448,125,2,Urban
840,-68.38678560402349,232.36945572541342,80.62757261644522,138,1,Rural
841,-99.34527717058332,378.4453535991382,84.5670553836012,339,2,Rural
842,-66.82313139916447,437.75611411475404,153.31034493593432,537,2,Rural
843,-91.09820165651243,445.01093979750766,184.50102210762765,68,1,Urban
844,-51.946484126527245,616.8101866695803,190.6764329554842,573,3,Urban
845,-92.56686361234435,943.6450793672606,119.65329134728096,541,1,Rural
846,-79.26879381364881,248.2857847141799,77.85302026709553,383,2,Urban
847,-95.73251659606781,130.28636253790887,159.63432631316806,19,1,Urban
848,-50.156287407702635,205.49578496133793,57.69026281983705,683,2,Rural
849,-74.89024948343787,888.0556512071768,117.17406547836838,450,1,Urban
850,-70.23074913399782,649.3527045286539,78.1299076897259,74,0,Urban
851,-96.64617613057862,293.0477213467685,134.75990400449646,573,0,Rural
852,-62.50197648004111,817.7874695789311,55.67579344976631,939,1,Urban
853,-89.5047203452207,862.7562963998016,46.4026596896169,665,3,Urban
854,-55.09728552796431,848.0491953033752,184.46542646833305,276,2,Urban
855,-89.74301797589965,919.7372683031589,29.34269976041201,48,0,Urban
856,-90.46561396681668,259.718609971628,106.13200246963702,211,3,Urban
857,-98.17251660759526,757.4915094588155,51.9620287629717,855,2,Urban
858,-76.39665274450005,465.9341023013986,17.396693031876815,920,0,Urban
859,-71.75794333686918,843.5785673611609,16.843575475371015,651,0,Urban
860,-96.71456802858238,731.205770389997,43.29213670010719,622,1,Rural
861,-61.223619165249474,778.6829720347274,174.68636735614004,994,2,Rural
862,-77.33555826259862,659.6002193042608,63.670961355635065,695,3,Rural
863,-73.780486533621,185.6544817750098,190.58724240930619,540,3,Rural
864,-77.96186265308859,549.576649707969,120.50823566794678,709,3,Urban
865,-79.9618469562337,984.8230421292632,92.95669605606555,191,2,Rural
866,-72.0179834345891,938.0141858321477,120.21687858719638,315,3,Rural
867,-92.23798770346437,52.74199843904155,108.17269319299088,901,3,Urban
868,-90.90359347523645,173.16666757214276,154.16748821389177,563,3,Urban
869,-56.910718949324135,140.4114857200163,63.674252534841926,661,1,Urban
870,-52.694226893318366,728.7201108854425,77.07957440405745,780,1,Urban
871,-81.33453418601235,819.6074765583757,179.87791748131764,562,2,Urban
872,-86.4627663428223,221.3762526475652,189.82673749857705,900,2,Rural
873,-67.80002283804922,510.7941660223107,179.58606322243017,758,3,Urban
874,-79.56329144509519,842.295997731088,89.69511885188957,113,1,Rural
875,-98.73068221698276,735.4735293185881,158.26944557130753,170,0,Rural
876,-92.19237013169048,546.8148334369298,100.50378932720876,468,0,Urban
877,-64.20138855763012,594.4442135541851,104.53257190775942,678,3,Rural
878,-67.05380290449243,513.2769414471172,48.88922072088395,921,3,Rural
879,-98.64520037482582,304.57296680563235,122.31475761911813,14,1,Urban
880,-88.90139190335253,569.371772930426,45.365820573136105,715,1,Rural
881,-88.44626017059643,691.9964490295898,72.99729282276681,288,1,Rural
882,-66.40536282006357,874.5896867021996,172.45573830778767,907,2,Rural
883,-99.01447311228179,639.9284404394556,49.34440375006249,189,2,Urban
884,-94.7945709007713,763.5103216727264,23.520074182952236,914,3,Urban
885,-60.00419573134053,168.47091860502726,23.111442596435097,155,2,Urban
886,-91.07276689728332,466.94189967559197,188.7490588955905,567,1,Rural
887,-67.36269460740627,19.238303628822365,106.31488321274858,694,1,Urban
888,-88.09086094766367,254.2120758764068,87.78829364523348,722,2,Rural
889,-95.02793036203275,729.1970979618748,164.0669303915045,888,0,Urban
890,-87.84139045002729,991.8918518358698,168.80692630299805,471,3,Rural
891,-63.88665340721704,108.18631859134375,73.11629629196487,75,0,Urban
892,-57.215176594685715,407.4793727026754,141.7874309200211,277,3,Urban
893,-58.48900677165042,802.0702590121679,156.51333501185846,940,0,Rural
894,-80.14082351907726,211.99527828260986,134.38363050453137,645,2,Urban
895,-66.59574317146769,559.5340998092634,38.80306421201888,343,3,Rural
896,-89.75078522920896,735.7405830693781,176.41778586824083,425,3,Urban
897,-85.34261348694933,619.8255957575773,112.42796501984165,571,3,Urban
898,-55.18320907394401,196.14448726926196,63.669761010300704,511,1,Rural
899,-99.3499038244632,361.83072299888204,90.79335523316185,857,1,Rural
900,-95.72457345727659,785.9538666405432,17.1385071757924,182,0,Rural
901,-89.60568724269864,558.6842489906965,34.29469223225934,458,2,Urban
902,-98.67338980630902,15.17731740748361,155.45388259801356,918,1,Rural
903,-90.92822824551013,763.3808524278129,10.002210603519567,851,3,Urban
904,-70.84792195151539,44.958241390836676,89.14750741163552,833,1,Rural
905,-78.9287724703751,748.2764449039198,109.2769344062618,64,2,Rural
906,-55.36641444615126,210.45575456358503,20.380539800184735,839,1,Rural
907,-59.12782191307795,958.4927453181864,194.88485096474324,260,3,Rural
908,-82.9091324151062,374.26134378906363,52.963812937437666,193,0,Rural
909,-87.02882832843538,333.6623001746983,67.79775673089335,655,3,Rural
910,-81.01537959163666,157.39916982912024,67.7490773284552,616,2,Urban
911,-70.48525287425961,312.54817333531275,53.77916580229648,972,0,Rural
912,-86.59681795885619,877.8842542099186,10.280026196399168,406,1,Urban
913,-68.7925546075433,996.3709942509748,148.5755108767193,726,1,Rural
914,-79.52941739043797,374.6264352017798,193.7006449618642,754,1,Rural
915,-72.397640957401,454.12452464499717,52.61576182415856,943,0,Rural
916,-78.19367354323417,724.8502288207097,135.97896644265026,721,3,Urban
917,-85.27671202290412,887.3338226604238,150.96030212215587,93,0,Urban
918,-52.577334651892166,597.1138908449163,171.2008220271997,430,0,Rural
919,-61.81971029201196,397.61044119605106,90.29954743258574,654,2,Urban
920,-92.99434121167738,418.4956224401375,67.55687207168155,434,0,Rural
921,-56.57660120510436,698.6619650318388,71.80607546437591,404,1,Rural
922,-75.62844008752433,13.186080968235895,145.39805328871745,434,3,Urban
923,-55.27238865529543,623.3934440852423,165.18809863607086,112,3,Urban
924,-60.007237202634236,361.9380803369438,44.5066538737545,929,3,Urban
925,-78.73932477653833,796.2553579643134,80.47879154997538,375,1,Urban
926,-98.87653458399413,102.06073342490083,181.3686373823385,59,1,Rural
927,-86.5661320307527,592.3202442789066,163.27176874200046,43,1,Urban
928,-72.91828926695666,486.16316098726253,197.12309652487042,207,1,Urban
929,-68.32608900869263,645.9022706461751,153.30716933959533,780,1,Rural
930,-87.10561572833988,74.20505853813866,84.70708819530523,296,0,Urban
931,-93.03219629635879,584.18394955385,122.22118845898117,118,1,Urban
932,-58.25348816003505,565.8697420799285,135.59270830699086,532,1,Urban
933,-50.77989096482239,565.0534934720092,24.90660510025355,222,1,Urban
934,-73.71549088486572,607.4527899304902,113.45442222973436,166,1,Rural
935,-91.41603570758483,679.7032578540986,144.7709574097958,643,3,Rural
936,-86.38463367403155,806.9391096839621,41.79104776020147,156,1,Urban
937,-99.08046617262666,277.1225129269322,158.32002631085587,184,0,Urban
938,-54.28505967197505,826.7989160782614,120.9168282976812,90,0,Rural
939,-94.11244585549295,503.2731254408191,190.922139282543,94,0,Urban
940,-71.17417622428732,86.28769634298786,18.060236659309425,13,2,Urban
941,-86.2972389656397,67.96541995153942,60.41196613553873,973,3,Urban
942,-72.29109987421033,340.8959355091002,124.29523706696658,834,1,Urban
943,-67.42898058240678,787.0480073403529,66.34638331912683,805,2,Urban
944,-58.51290981463992,710.6041253935066,145.74059117353602,945,1,Urban
945,-89.67893641196984,790.7288150256824,154.21100367916688,742,2,Urban
946,-99.45020856707598,522.0963658771933,29.478033172630145,834,2,Urban
947,-93.15571849655964,445.7970079759356,107.63234819928587,804,0,Urban
948,-54.99906790759474,155.97800143922112,106.68920556230061,438,0,Rural
949,-56.305496121874235,334.91082607321846,80.1633463409528,538,2,Rural
950,-70.12934489148458,439.6791725121365,187.2557238882377,587,0,Rural
951,-69.97415697831732,97.71442538282106,167.22620077591202,968,2,Urban
952,-66.74816627268723,228.40583318409915,142.469782562831,876,3,Urban
953,-91.23143606882752,602.2430411231014,145.72206078964953,936,0,Rural
954,-54.27940270375201,738.3064830967979,97.72606732449263,811,0,Urban
955,-79.06147375539635,998.3640362790202,184.9889590083494,150,0,Rural
956,-80.84307358752513,933.7821980301221,141.97313117812422,660,3,Urban
957,-74.05411473585812,646.1395475398397,148.50640171460512,8,2,Rural
958,-97.65170166124724,427.0355727611313,173.7212717195956,29,1,Rural
959,-91.68583156219603,639.8155910611504,62.07360197501629,296,0,Rural
960,-63.09831917868148,787.7951018994297,163.34347173467356,986,2,Urban
961,-95.86006660374368,127.15282901415344,47.09571456173349,926,3,Rural
962,-69.8423945266806,415.8058407993254,75.61497092652868,721,1,Urban
963,-87.73254451593395,841.404262779261,73.76598631127011,640,0,Urban
964,-80.53521929790116,389.99462241371356,195.9198389939367,340,3,Urban
965,-85.56531316146501,576.1535485149146,172.7420725121061,628,3,Urban
966,-82.21636417675253,591.8916672535762,143.22227370214935,439,1,Urban
967,-64.04770474078772,192.63149060230296,148.14078470692414,144,2,Urban
968,-85.14391421884125,368.6130872357655,116.7938309364885,942,0,Urban
969,-71.67976798515514,341.1661758545128,189.94722675061863,830,0,Rural
970,-76.19747989004502,35.93474144674414,104.2891630476487,747,2,Rural
971,-66.8164417318676,33.94984625244169,82.29836487527996,519,2,Rural
972,-53.1585130337621,833.3800732390157,40.976714017002294,976,2,Urban
973,-63.37139513948748,280.3401018730843,159.37907392960102,45,1,Urban
974,-89.25298107046217,522.8979785764272,149.54434709436237,955,1,Urban
975,-98.44084324693577,305.7383178528853,83.02745731958562,239,0,Urban
976,-86.88679778500875,941.2724526641871,14.786748652253578,952,1,Rural
977,-70.24610346498726,266.703791277116,169.40949226642203,944,3,Urban
978,-97.42870932578748,435.36024461154574,12.16941685627399,155,0,Rural
979,-75.18168763993819,874.0029479797558,143.7029581295197,181,1,Urban
980,-70.15785755415554,843.5142311238906,194.34885084795084,215,2,Rural
981,-83.28780545915195,194.24040366781455,93.15565234815865,88,3,Urban
982,-61.454389812708904,804.6168766977534,54.64494694923103,256,2,Rural
983,-94.67008734331141,463.60501787051373,143.92549190824252,511,0,Urban
984,-96.24311091320956,488.13918336450166,165.25434698296118,73,2,Rural
985,-63.590562189819835,142.14517269178435,113.82176005479099,931,1,Urban
986,-75.22543418969008,89.79549861955341,193.73670229866778,179,1,Rural
987,-65.5798801786132,730.6599139040276,19.81705711501261,212,0,Rural
988,-78.25863306981269,501.49654083174676,105.91116367786034,805,2,Urban
989,-87.67989833804467,442.48219558902775,146.5062499912845,234,0,Rural
990,-59.044884116290014,732.2131463658727,173.901689518344,465,2,Urban
991,-60.029206051551036,767.8577700011987,44.058566262480106,751,3,Urban
992,-65.26517645727867,167.31908599266004,162.00066153509948,223,1,Urban
993,-86.39274313850187,614.1228979828649,115.0143443865236,631,0,Rural
994,-70.48846665654565,144.00054145490867,85.34519957809302,825,3,Rural
995,-81.95130515299866,753.8613351687552,35.025855430027775,264,3,Urban
996,-95.4208963336683,660.3856047044682,174.40619419269336,207,0,Urban
997,-54.13432122688786,957.0484748726234,39.88190955414592,607,0,Rural
998,-93.15906845405193,78.26843619285697,68.85969324972885,885,3,Rural
999,-52.48813230895988,66.48417393974177,65.10865107286301,734,2,Rural
1000,-77.69971135210221,289.36520394626814,175.56866649626232,366,3,Urban
